node,degree,betweenness,pagerank
Vingroup,0.6666666666666666,0.0,0.16498256013351076
VinFast,0.6666666666666666,0.16666666666666666,0.23510014819025282
Samsung,0.3333333333333333,0.0,0.23510014819025282
Hải Phòng,0.3333333333333333,0.0,0.3648171434859837
